{
  "normal-model-unprompted": 1.0,
  "normal-model-prompted": 1.0415675530020723,
  "finetuned-model-unprompted": 0.7891041437379418,
  "finetuned-model-prompted": 0.9202057544914721
}